- name: Afghanistan
  code: AF
  states:
    - Badakhshan
    - Badghis
    - Baghlan
    - Balkh
    - Bamyan
    - Daykundi
    - Farah
    - Faryab
    - Ghazni
    - Ghor
    - Helmand
    - Herat
    - Jowzjan
    - Kabul
    - Kandahar
    - Kapisa
    - Khost
    - Kunar
    - Kunduz
    - Laghman
    - Logar
    - Nangarhar
    - Nimruz
    - Nuristan
    - Paktia
    - Paktika
    - Panjshir
    - Parwan
    - Samangan
    - Sar-e Pol
    - Takhar
    - Urozgan
    - Wardak
    - Zabul
- name: Albania
  code: AL
  states:
    - Berat
    - Dibër
    - Durrës
    - Elbasan
    - Fier
    - Gjirokastër
    - Korçë
    - Kukës
    - Lezhë
    - Shkodër
    - Tiranë
    - Vlorë
- name: Algeria
  code: DZ
  states:
    - Adrar
    - Aïn Defla
    - Aïn Témouchent
    - Algiers
    - Annaba
    - Batna
    - Béchar
    - Béjaïa
    - Biskra
    - Blida
    - Bordj Bou Arréridj
    - Bouïra
    - Boumerdès
    - Chlef
    - Constantine
    - Djelfa
    - El Bayadh
    - El Oued
    - El Tarf
    - Ghardaïa
    - Guelma
    - Illizi
    - Jijel
    - Khenchela
    - Laghouat
    - M'Sila
    - Mascara
    - Médéa
    - Mila
    - Mostaganem
    - Naama
    - Oran
    - Ouargla
    - Oum El Bouaghi
    - Relizane
    - Saïda
    - Sétif
    - Sidi Bel Abbès
    - Skikda
    - Souk Ahras
    - Tamanrasset
    - Tébessa
    - Tiaret
    - Tindouf
    - Tipaza
    - Tissemsilt
    - Tizi Ouzou
    - Tlemcen
- name: Andorra
  code: AD
  states:
    - Andorra la Vella
    - Canillo
    - Encamp
    - Escaldes-Engordany
    - La Massana
    - Ordino
    - Sant Julià de Lòria
- name: Angola
  code: AO
  states:
    - Bengo
    - Benguela
    - Bié
    - Cabinda
    - Cuando Cubango
    - Cuanza Norte
    - Cuanza Sul
    - Cunene
    - Huambo
    - Huíla
    - Luanda
    - Lunda Norte
    - Lunda Sul
    - Malanje
    - Moxico
    - Namibe
    - Uíge
    - Zaire
- name: Antigua and Barbuda
  code: AG
  states:
    - Antigua
    - Barbuda
- name: Argentina
  code: AR
  states:
    - Buenos Aires
    - Catamarca
    - Chaco
    - Chubut
    - Córdoba
    - Corrientes
    - Entre Ríos
    - Formosa
    - Jujuy
    - La Pampa
    - La Rioja
    - Mendoza
    - Misiones
    - Neuquén
    - Río Negro
    - Salta
    - San Juan
    - San Luis
    - Santa Cruz
    - Santa Fe
    - Santiago del Estero
    - Tierra del Fuego, Antártida e Islas del Atlántico Sur
    - Tucumán
- name: Armenia
  code: AM
  states:
    - Aragatsotn
    - Ararat
    - Armavir
    - Gegharkunik
    - Kotayk
    - Lori
    - Shirak
    - Syunik
    - Tavush
    - Vayots Dzor
    - Yerevan
- name: Australia
  code: AU
  states:
    - Australian Capital Territory
    - New South Wales
    - Northern Territory
    - Queensland
    - South Australia
    - Tasmania
    - Victoria
    - Western Australia
- name: Austria
  code: AT
  states:
    - Burgenland
    - Carinthia
    - Lower Austria
    - Salzburg
    - Styria
    - Tyrol
    - Upper Austria
    - Vienna
    - Vorarlberg
- name: Azerbaijan
  code: AZ
  states:
    - Absheron
    - Agdam
    - Agdash
    - Aghjabadi
    - Agstafa
    - Agsu
    - Astara
    - Babek
    - Balakan
    - Barda
    - Beylagan
    - Bilasuvar
    - Dashkasan
    - Fuzuli
    - Gadabay
    - Ganja
    - Garabagh
    - Gazakh
    - Gobustan
    - Goranboy
    - Goychay
    - Goygol
    - Hajigabul
    - Imishli
    - Ismayilli
    - Jabrayil
    - Jalilabad
    - Julfa
    - Kalbajar
    - Kangarli
    - Khachmaz
    - Khankandi
    - Guba
    - Gubadli
    - Gusar
    - Kalbajar
    - Khanlar
    - Khizi
    - Khojali
    - Khojavend
    - Kilbajar
    - Lachin
    - Lankaran
    - Lankaran
    - Lerik
    - Masally
    - Mingachevir
    - Naftalan
    - Nakhchivan
    - Neftchala
    - Oguz
    - Qabala
    - Qakh
    - Qazakh
    - Goychay
    - Quba
    - Qubadli
    - Qusar
    - Saatly
    - Sabirabad
    - Shaki
    - Shaki City
    - Shamakhi
    - Shamkir
    - Sharur
    - Shusha
    - Siazan
    - Sumqayit
    - Tartar
    - Tovuz
    - Ujar
    - Yardimli
    - Yevlakh
    - Yevlakh City
    - Zangilan
    - Zaqatala
    - Zardab
- name: Bahamas
  code: BS
  states:
    - Acklins
    - Berry Islands
    - Bimini
    - Black Point
    - Cat Island
    - Central Abaco
    - Central Andros
    - Central Eleuthera
    - City of Freeport
    - Crooked Island
    - East Grand Bahama
    - Exuma
    - Grand Cay
    - Harbour Island
    - Hope Town
    - Inagua
    - Long Island
    - Mangrove Cay
    - Mayaguana
    - Moore's Island
    - North Abaco
    - North Andros
    - North Eleuthera
    - Ragged Island
    - Rum Cay
    - San Salvador
    - South Abaco
    - South Andros
    - South Eleuthera
    - Spanish Wells
    - West Grand Bahama
- name: Bahrain
  code: BH
  states:
    - Capital Governorate
    - Muharraq Governorate
    - Northern Governorate
    - Southern Governorate
- name: Bangladesh
  code: BD
  states:
    - Barishal Division
    - Chattogram Division
    - Dhaka Division
    - Khulna Division
    - Mymensingh Division
    - Rajshahi Division
    - Rangpur Division
    - Sylhet Division
- name: Barbados
  code: BB
  states:
    - Christ Church
    - Saint Andrew
    - Saint George
    - Saint James
    - Saint John
    - Saint Joseph
    - Saint Lucy
    - Saint Michael
    - Saint Peter
    - Saint Philip
- name: Belarus
  code: BY
  states:
    - Brest Region
    - Gomel Region
    - Grodno Region
    - Minsk
    - Minsk Region
    - Mogilev Region
    - Vitebsk Region
- name: Belgium
  code: BE
  states:
    - Brussels-Capital Region
    - Flemish Brabant
    - Hainaut
    - Liège
    - Limburg
    - Luxembourg
    - Namur
    - Walloon Brabant
    - West Flanders
    - East Flanders
- name: Belize
  code: BZ
  states:
    - Belize
    - Cayo
    - Corozal
    - Orange Walk
    - Stann Creek
    - Toledo
- name: Benin
  code: BJ
  states:
    - Alibori
    - Atacora
    - Atlantique
    - Borgou
    - Collines
    - Donga
    - Kouffo
    - Littoral
    - Mono
    - Ouémé
    - Plateau
    - Zou
- name: Bhutan
  code: BT
  states:
    - Bumthang
    - Chhukha
    - Dagana
    - Gasa
    - Haa
    - Lhuntse
    - Mongar
    - Paro
    - Pema Gatshel
    - Punakha
    - Samdrup Jongkhar
    - Samtse
    - Sarpang
    - Thimphu
    - Trashigang
    - Trashiyangtse
    - Trongsa
    - Tsirang
    - Wangdue Phodrang
    - Zhemgang
- name: Bolivia
  code: BO
  states:
    - Chuquisaca
    - Cochabamba
    - El Beni
    - La Paz
    - Oruro
    - Pando
    - Potosí
    - Santa Cruz
    - Tarija
- name: Bosnia and Herzegovina
  code: BA
  states:
    - Brčko District
    - Republika Srpska
    - Federation of Bosnia and Herzegovina
- name: Botswana
  code: BW
  states:
    - Central
    - Ghanzi
    - Kgalagadi
    - Kgatleng
    - Kweneng
    - North East
    - North West
    - South East
    - Southern
- name: Brazil
  code: BR
  states:
    - Acre
    - Alagoas
    - Amapá
    - Amazonas
    - Bahia
    - Ceará
    - Distrito Federal
    - Espírito Santo
    - Goiás
    - Maranhão
    - Mato Grosso
    - Mato Grosso do Sul
    - Minas Gerais
    - Pará
    - Paraíba
    - Paraná
    - Pernambuco
    - Piauí
    - Rio de Janeiro
    - Rio Grande do Norte
    - Rio Grande do Sul
    - Rondônia
    - Roraima
    - Santa Catarina
    - São Paulo
    - Sergipe
    - Tocantins
- name: Brunei
  code: BN
  states:
    - Belait
    - Brunei-Muara
    - Temburong
    - Tutong
- name: Bulgaria
  code: BG
  states:
    - Blagoevgrad
    - Burgas
    - Dobrich
    - Gabrovo
    - Haskovo
    - Kardzhali
    - Kyustendil
    - Lovech
    - Montana
    - Pazardzhik
    - Pernik
    - Pleven
    - Plovdiv
    - Razgrad
    - Ruse
    - Shumen
    - Silistra
    - Sliven
    - Smolyan
    - Sofia
    - Sofia City
    - Stara Zagora
    - Targovishte
    - Varna
    - Veliko Tarnovo
    - Vidin
    - Vratsa
    - Yambol
- name: Burkina Faso
  code: BF
  states:
    - Balé
    - Bam
    - Banwa
    - Bazèga
    - Boucle du Mouhoun
    - Cascades
    - Centre
    - Centre-Est
    - Centre-Nord
    - Centre-Ouest
    - Centre-Sud
    - Comoé
    - Est
    - Hauts-Bassins
    - Centre-Nord
    - Nord
    - Plateau-Central
    - Sahel
    - Sud-Ouest
- name: Burundi
  code: BI
  states:
    - Bubanza
    - Bujumbura Mairie
    - Bujumbura Rural
    - Bururi
    - Cankuzo
    - Cibitoke
    - Gitega
    - Karuzi
    - Kayanza
    - Kirundo
    - Makamba
    - Muramvya
    - Muyinga
    - Mwaro
    - Ngozi
    - Rumonge
    - Rutana
    - Ruyigi
    - Kirundo
- name: Cabo Verde
  code: CV
  states:
    - Boa Vista
    - Brava
    - Maio
    - Mosteiros
    - Paul
    - Praia
    - Ribeira Brava
    - Ribeira Grande
    - Sal
    - Santa Catarina
    - Santa Cruz
    - São Domingos
    - São Filipe
    - São Lourenço dos Órgãos
    - São Miguel
    - São Salvador do Mundo
    - São Vicente
    - Tarrafal
    - Tarrafal de São Nicolau
- name: Cambodia
  code: KH
  states:
    - Banteay Meanchey
    - Battambang
    - Kampong Cham
    - Kampong Chhnang
    - Kampong Speu
    - Kampong Thom
    - Kampot
    - Kandal
    - Kep
    - Koh Kong
    - Kratié
    - Mondulkiri
    - Oddar Meanchey
    - Pailin
    - Phnom Penh
    - Preah Sihanouk
    - Preah Vihear
    - Prey Veng
    - Pursat
    - Ratanakiri
    - Siem Reap
    - Stung Treng
    - Svay Rieng
    - Takéo
    - Tboung Khmum
- name: Cameroon
  code: CM
  states:
    - Adamawa
    - Centre
    - East
    - Far North
    - Littoral
    - North
    - Northwest
    - South
    - Southwest
    - West
- name: Canada
  code: CA
  states:
    - Alberta
    - British Columbia
    - Manitoba
    - New Brunswick
    - Newfoundland and Labrador
    - Northwest Territories
    - Nova Scotia
    - Nunavut
    - Ontario
    - Prince Edward Island
    - Quebec
    - Saskatchewan
    - Yukon
- name: Central African Republic
  code: CF
  states:
    - Bamingui-Bangoran
    - Bangui
    - Basse-Kotto
    - Haute-Kotto
    - Haut-Mbomou
    - Kémo
    - Lobaye
    - Mambéré-Kadéï
    - Mbomou
    - Nana-Grébizi
    - Nana-Mambéré
    - Ombella-M'Poko
    - Ouaka
    - Ouham
    - Ouham-Pendé
    - Sangha-Mbaéré
    - Vakaga
- name: Chad
  code: TD
  states:
    - Batha
    - Borkou-Ennedi-Tibesti
    - Chari-Baguirmi
    - Ennedi
    - Guéra
    - Hadjer-Lamis
    - Kanem
    - Lac
    - Logone Occidental
    - Logone Oriental
    - Mandoul
    - Mayo-Kebbi Est
    - Mayo-Kebbi Ouest
    - Moyen-Chari
    - N'Djamena
    - Ouaddaï
    - Salamat
    - Sila
    - Tandjilé
    - Tibesti
    - Wadi Fira
- name: Chile
  code: CL
  states:
    - Antofagasta
    - Araucanía
    - Arica y Parinacota
    - Atacama
    - Aysén
    - Biobío
    - Coquimbo
    - Los Lagos
    - Los Ríos
    - Magallanes
    - Maule
    - Ñuble
    - O'Higgins
    - Santiago Metropolitan Region
    - Tarapacá
    - Valparaíso
- name: China
  code: CN
  states:
    - Anhui
    - Beijing
    - Chongqing
    - Fujian
    - Gansu
    - Guangdong
    - Guangxi
    - Guizhou
    - Hainan
    - Hebei
    - Heilongjiang
    - Henan
    - Hong Kong
    - Hubei
    - Hunan
    - Inner Mongolia
    - Jiangsu
    - Jiangxi
    - Jilin
    - Liaoning
    - Macau
    - Ningxia
    - Qinghai
    - Shaanxi
    - Shandong
    - Shanghai
    - Shanxi
    - Sichuan
    - Taiwan
    - Tianjin
    - Tibet
    - Xinjiang
    - Yunnan
    - Zhejiang
- name: Colombia
  code: CO
  states:
    - Amazonas
    - Antioquia
    - Arauca
    - Atlántico
    - Bogotá D.C.
    - Bolívar
    - Boyacá
    - Caldas
    - Caquetá
    - Casanare
    - Cauca
    - Cesar
    - Chocó
    - Córdoba
    - Cundinamarca
    - Guainía
    - Guaviare
    - Huila
    - La Guajira
    - Magdalena
    - Meta
    - Nariño
    - Norte de Santander
    - Putumayo
    - Quindío
    - Risaralda
    - San Andrés y Providencia
    - Santander
    - Sucre
    - Tolima
    - Valle del Cauca
    - Vaupés
    - Vichada
- name: Comoros
  code: KM
  states:
    - Anjouan
    - Grande Comore
    - Mohéli
- name: Congo (Brazzaville)
  code: CG
  states:
    - Bouenza
    - Brazzaville
    - Cuvette
    - Cuvette-Ouest
    - Kouilou
    - Lékoumou
    - Likouala
    - Niari
    - Plateaux
    - Pool
    - Sangha
- name: Congo (Kinshasa)
  code: CD
  states:
    - Bas-Uele
    - Haut-Uele
    - Haut-Lomami
    - Haut-Katanga
    - Ituri
    - Kasai
    - Kasaï-Central
    - Kasaï-Oriental
    - Kinshasa
    - Kongo-Central
    - Kwango
    - Kwilu
    - Maniema
    - Mongala
    - Nord-Kivu
    - Nord-Ubangi
    - Sankuru
    - Sud-Kivu
    - Sud-Ubangi
    - Tshopo
    - Tshuapa
- name: Costa Rica
  code: CR
  states:
    - Alajuela
    - Cartago
    - Guanacaste
    - Heredia
    - Limón
    - Puntarenas
    - San José
- name: Cote d'Ivoire
  code: CI
  states:
    - Abidjan
    - Bas-Sassandra
    - Comoé
    - Denguélé
    - Gôh-Djiboua
    - Lacs
    - Lagunes
    - Montagnes
    - Sassandra-Marahoué
    - Savanes
    - Vallée du Bandama
    - Worodougou
    - Yamoussoukro
    - Zanzan
- name: Croatia
  code: HR
  states:
    - Bjelovar-Bilogora
    - Brod-Posavina
    - Dubrovnik-Neretva
    - Istria
    - Karlovac
    - Koprivnica-Križevci
    - Krapina-Zagorje
    - Lika-Senj
    - Međimurje
    - Osijek-Baranja
    - Požega-Slavonia
    - Primorje-Gorski Kotar
    - Šibenik-Knin
    - Sisak-Moslavina
    - Split-Dalmatia
    - Varaždin
    - Virovitica-Podravina
    - Vukovar-Syrmia
    - Zadar
    - Zagreb
    - Zagreb City
- name: Cuba
  code: CU
  states:
    - Artemisa
    - Camagüey
    - Ciego de Ávila
    - Cienfuegos
    - Granma
    - Guantánamo
    - Holguín
    - Isla de la Juventud
    - La Habana
    - Las Tunas
    - Matanzas
    - Mayabeque
    - Pinar del Río
    - Sancti Spíritus
    - Santiago de Cuba
    - Villa Clara
- name: Cyprus
  code: CY
  states:
    - Famagusta
    - Kyrenia
    - Larnaca
    - Limassol
    - Nicosia
- name: Czechia
  code: CZ
  states:
    - Central Bohemia
    - Hradec Králové
    - Karlovy Vary
    - Liberec
    - Moravian-Silesian
    - Olomouc
    - Pardubice
    - Plzeň
    - Prague
    - South Bohemia
    - South Moravian
    - Ústí nad Labem
    - Vysočina
    - Zlín
- name: Denmark
  code: DK
  states:
    - Capital Region
    - Central Denmark Region
    - North Denmark Region
    - Region Zealand
    - South Denmark Region
- name: Djibouti
  code: DJ
  states:
    - Ali Sabieh
    - Arta
    - Dikhil
    - Djibouti
    - Obock
    - Tadjourah
- name: Dominica
  code: DM
  states:
    - Saint Andrew
    - Saint David
    - Saint George
    - Saint John
    - Saint Joseph
    - Saint Luke
    - Saint Mark
    - Saint Patrick
- name: Dominican Republic
  code: DO
  states:
    - Azua
    - Baoruco
    - Barahona
    - Dajabón
    - Duarte
    - Elías Piña
    - El Seibo
    - Espaillat
    - Hato Mayor
    - Hermanas Mirabal
    - Independencia
    - La Altagracia
    - La Romana
    - La Vega
    - María Trinidad Sánchez
    - Monseñor Nouel
    - Monte Cristi
    - Monte Plata
    - Pedernales
    - Peravia
    - Puerto Plata
    - Salcedo
    - Samaná
    - Sánchez Ramírez
    - San Cristóbal
    - San José de Ocoa
    - San Juan
    - San Pedro de Macorís
    - Santiago
    - Santiago Rodríguez
    - Santo Domingo
    - Valverde
- name: Ecuador
  code: EC
  states:
    - Azuay
    - Bolívar
    - Cañar
    - Carchi
    - Chimborazo
    - Cotopaxi
    - El Oro
    - Esmeraldas
    - Galápagos
    - Guayas
    - Imbabura
    - Loja
    - Los Ríos
    - Manabí
    - Morona Santiago
    - Napo
    - Orellana
    - Pastaza
    - Pichincha
    - Santa Elena
    - Santo Domingo de los Tsáchilas
    - Sucumbíos
    - Tungurahua
    - Zamora-Chinchipe
- name: Egypt
  code: EG
  states:
    - Alexandria
    - Aswan
    - Asyut
    - Beheira
    - Beni Suef
    - Cairo
    - Dakahlia
    - Damietta
    - Faiyum
    - Gharbia
    - Giza
    - Ismailia
    - Kafr el-Sheikh
    - Luxor
    - Matrouh
    - Minya
    - Monufia
    - New Valley
    - North Sinai
    - Port Said
    - Qalyubia
    - Qena
    - Red Sea
    - Sharqia
    - Sohag
    - South Sinai
- name: El Salvador
  code: SV
  states:
    - Ahuachapán
    - Cabañas
    - Chalatenango
    - Cuscatlán
    - La Libertad
    - La Paz
    - La Unión
    - Morazán
    - San Miguel
    - San Salvador
    - San Vicente
    - Santa Ana
    - Sonsonate
    - Usulután
- name: Equatorial Guinea
  code: GQ
  states:
    - Annobón
    - Bioko Norte
    - Bioko Sur
    - Centro Sur
    - Kié-Ntem
    - Litoral
    - Wele-Nzas
- name: Eritrea
  code: ER
  states:
    - Anseba
    - Central
    - Gash-Barka
    - Northern Red Sea
    - Southern Red Sea
    - Southern
- name: Estonia
  code: EE
  states:
    - Harju
    - Hiiu
    - Ida-Viru
    - Järva
    - Jõgeva
    - Lääne
    - Lääne-Viru
    - Pärnu
    - Põlva
    - Rapla
    - Saare
    - Tartu
    - Valga
    - Viljandi
    - Võru
- name: Eswatini
  code: SZ
  states:
    - Hhohho
    - Lubombo
    - Manzini
    - Shiselweni
- name: Ethiopia
  code: ET
  states:
    - Addis Ababa
    - Afar
    - Amhara
    - Benishangul-Gumuz
    - Dire Dawa
    - Gambela
    - Harari
    - Oromia
    - Sidama
    - SNNP
    - Somali
    - Tigray
    - Afar
- name: Fiji
  code: FJ
  states:
    - Central Division
    - Eastern Division
    - Northern Division
    - Rotuma
    - Western Division
- name: Finland
  code: FI
  states:
    - Åland Islands
    - Central Finland
    - Kainuu
    - Kymenlaakso
    - Lapland
    - North Karelia
    - Northern Ostrobothnia
    - Northern Savonia
    - Ostrobothnia
    - Päijänne Tavastia
    - Pirkanmaa
    - Satakunta
    - South Karelia
    - Southern Ostrobothnia
    - Southern Savonia
    - Tavastia Proper
    - Uusimaa
    - South Savo
- name: France
  code: FR
  states:
    - Auvergne-Rhône-Alpes
    - Bourgogne-Franche-Comté
    - Brittany
    - Centre-Val de Loire
    - Corsica
    - Grand Est
    - Hauts-de-France
    - Île-de-France
    - Normandy
    - Nouvelle-Aquitaine
    - Occitanie
    - Pays de la Loire
    - Provence-Alpes-Côte d'Azur
    - French Guiana
    - Guadeloupe
    - Martinique
    - Mayotte
    - Réunion
- name: Gabon
  code: GA
  states:
    - Estuaire
    - Haut-Ogooué
    - Moyen-Ogooué
    - Ngounié
    - Nyanga
    - Ogooué-Ivindo
    - Ogooué-Lolo
    - Ogooué-Maritime
    - Woleu-Ntem
- name: Gambia
  code: GM
  states:
    - Banjul
    - Central River
    - Lower River
    - North Bank
    - Upper River
    - Western
- name: Georgia
  code: GE
  states:
    - Abkhazia
    - Adjara
    - Guria
    - Imereti
    - Kakheti
    - Kvemo Kartli
    - Mtskheta-Mtianeti
    - Racha-Lechkhumi and Kvemo Svaneti
    - Samegrelo-Zemo Svaneti
    - Samtskhe-Javakheti
    - Shida Kartli
    - Tbilisi
- name: Germany
  code: DE
  states:
    - Baden-Württemberg
    - Bavaria
    - Berlin
    - Brandenburg
    - Bremen
    - Hamburg
    - Hesse
    - Lower Saxony
    - Mecklenburg-Vorpommern
    - North Rhine-Westphalia
    - Rhineland-Palatinate
    - Saarland
    - Saxony
    - Saxony-Anhalt
    - Schleswig-Holstein
    - Thuringia
- name: Ghana
  code: GH
  states:
    - Ashanti
    - Bono
    - Bono East
    - Central
    - Eastern
    - Greater Accra
    - North East
    - Northern
    - Oti
    - Savannah
    - Upper East
    - Upper West
    - Volta
    - Western
    - Western North
- name: Greece
  code: GR
  states:
    - Attica
    - Central Greece
    - Central Macedonia
    - Crete
    - Eastern Macedonia and Thrace
    - Epirus
    - Ionian Islands
    - North Aegean
    - Peloponnese
    - South Aegean
    - Thessaly
    - Western Greece
    - Western Macedonia
- name: Grenada
  code: GD
  states:
    - Saint Andrew
    - Saint David
    - Saint George
    - Saint John
    - Saint Mark
    - Saint Patrick
- name: Guatemala
  code: GT
  states:
    - Alta Verapaz
    - Baja Verapaz
    - Chimaltenango
    - Chiquimula
    - El Progreso
    - Escuintla
    - Guatemala
    - Huehuetenango
    - Izabal
    - Jalapa
    - Jutiapa
    - Petén
    - Quetzaltenango
    - Quiché
    - Retalhuleu
    - Sacatepéquez
    - San Marcos
    - Santa Rosa
    - Sololá
    - Suchitepéquez
    - Totonicapán
    - Zacapa
- name: Guinea
  code: GN
  states:
    - Boké
    - Conakry
    - Faranah
    - Kankan
    - Kindia
    - Labé
    - Mamou
    - Nzérékoré
- name: Guinea-Bissau
  code: GW
  states:
    - Bafatá
    - Biombo
    - Bissau
    - Bolama-Bijagos
    - Cacheu
    - Gabú
    - Oio
    - Quinara
    - Tombali
- name: Guyana
  code: GY
  states:
    - Barima-Waini
    - Cuyuni-Mazaruni
    - Demerara-Mahaica
    - East Berbice-Corentyne
    - Essequibo Islands-West Demerara
    - Mahaica-Berbice
    - Pomeroon-Supenaam
    - Potaro-Siparuni
    - Upper Demerara-Berbice
    - Upper Takutu-Upper Essequibo
- name: Haiti
  code: HT
  states:
    - Artibonite
    - Centre
    - Grand'Anse
    - Nippes
    - Nord
    - Nord-Est
    - Nord-Ouest
    - Ouest
    - Sud
    - Sud-Est
- name: Honduras
  code: HN
  states:
    - Atlántida
    - Choluteca
    - Colón
    - Comayagua
    - Copán
    - Cortés
    - El Paraíso
    - Francisco Morazán
    - Gracias a Dios
    - Intibucá
    - Islas de la Bahía
    - La Paz
    - Lempira
    - Ocotepeque
    - Olancho
    - Santa Bárbara
    - Valle
    - Yoro
- name: Hungary
  code: HU
  states:
    - Bács-Kiskun
    - Baranya
    - Békés
    - Borsod-Abaúj-Zemplén
    - Budapest
    - Csongrád
    - Fejér
    - Győr-Moson-Sopron
    - Hajdú-Bihar
    - Heves
    - Jász-Nagykun-Szolnok
    - Komárom-Esztergom
    - Nógrád
    - Pest
    - Somogy
    - Szabolcs-Szatmár-Bereg
    - Tolna
    - Vas
    - Veszprém
    - Zala
- name: Iceland
  code: IS
  states:
    - Capital Region
    - East
    - Northeast
    - Northwest
    - South
    - Southern Peninsula
    - West
    - Westfjords
- name: India
  code: IN
  states:
    - Andaman and Nicobar Islands
    - Andhra Pradesh
    - Arunachal Pradesh
    - Assam
    - Bihar
    - Chandigarh
    - Chhattisgarh
    - Dadra and Nagar Haveli and Daman and Diu
    - Delhi
    - Goa
    - Gujarat
    - Haryana
    - Himachal Pradesh
    - Jammu and Kashmir
    - Jharkhand
    - Karnataka
    - Kerala
    - Ladakh
    - Lakshadweep
    - Madhya Pradesh
    - Maharashtra
    - Manipur
    - Meghalaya
    - Mizoram
    - Nagaland
    - Odisha
    - Puducherry
    - Punjab
    - Rajasthan
    - Sikkim
    - Tamil Nadu
    - Telangana
    - Tripura
    - Uttar Pradesh
    - Uttarakhand
    - West Bengal
- name: Indonesia
  code: ID
  states:
    - Aceh
    - Bali
    - Bangka Belitung Islands
    - Banten
    - Bengkulu
    - Central Java
    - Central Kalimantan
    - Central Sulawesi
    - East Java
    - East Kalimantan
    - East Nusa Tenggara
    - Gorontalo
    - Jakarta
    - Jambi
    - Lampung
    - Maluku
    - North Kalimantan
    - North Maluku
    - North Sulawesi
    - North Sumatra
    - Papua
    - Riau
    - Riau Islands
    - South Kalimantan
    - South Sulawesi
    - South Sumatra
    - Southeast Sulawesi
    - West Java
    - West Kalimantan
    - West Nusa Tenggara
    - West Papua
    - West Sulawesi
    - West Sumatra
    - Yogyakarta
- name: Iran
  code: IR
  states:
    - Alborz
    - Ardabil
    - Bushehr
    - Chaharmahal and Bakhtiari
    - East Azerbaijan
    - Isfahan
    - Fars
    - Gilan
    - Golestan
    - Hamadan
    - Hormozgan
    - Ilam
    - Kerman
    - Kermanshah
    - Khuzestan
    - Kohgiluyeh and Boyer-Ahmad
    - Kurdistan
    - Lorestan
    - Markazi
    - Mazandaran
    - North Khorasan
    - Qazvin
    - Qom
    - Razavi Khorasan
    - Semnan
    - Sistan and Baluchestan
    - South Khorasan
    - Tehran
    - West Azerbaijan
    - Yazd
    - Zanjan
- name: Iraq
  code: IQ
  states:
    - Al-Anbar
    - Al-Muthanna
    - Al-Qadisiyyah
    - An-Najaf
    - Arbīl
    - As-Sulaymaniyah
    - Babil
    - Baghdad
    - Basra
    - Dahuk
    - Dhi Qar
    - Diyala
    - Karbala
    - Kirkuk
    - Maysan
    - Ninawa
    - Wasit
- name: Ireland
  code: IE
  states:
    - Carlow
    - Cavan
    - Clare
    - Cork
    - Donegal
    - Dublin
    - Galway
    - Kerry
    - Kildare
    - Kilkenny
    - Laois
    - Leitrim
    - Limerick
    - Longford
    - Louth
    - Mayo
    - Meath
    - Monaghan
    - Offaly
    - Roscommon
    - Sligo
    - Tipperary
    - Waterford
    - Westmeath
    - Wexford
    - Wicklow
- name: Israel
  code: IL
  states:
    - Central District
    - Haifa District
    - Jerusalem District
    - Northern District
    - Southern District
    - Tel Aviv District
- name: Italy
  code: IT
  states:
    - Abruzzo
    - Aosta Valley
    - Apulia
    - Basilicata
    - Calabria
    - Campania
    - Emilia-Romagna
    - Friuli-Venezia Giulia
    - Lazio
    - Liguria
    - Lombardy
    - Marche
    - Molise
    - Piedmont
    - Sardinia
    - Sicily
    - Trentino-South Tyrol
    - Tuscany
    - Umbria
    - Veneto
- name: Jamaica
  code: JM
  states:
    - Clarendon
    - Hanover
    - Kingston
    - Manchester
    - Portland
    - Saint Andrew
    - Saint Ann
    - Saint Catherine
    - Saint Elizabeth
    - Saint James
    - Saint Mary
    - Saint Thomas
    - Trelawny
    - Westmoreland
- name: Japan
  code: JP
  states:
    - Aichi
    - Akita
    - Aomori
    - Chiba
    - Ehime
    - Fukui
    - Fukuoka
    - Fukushima
    - Gifu
    - Gunma
    - Hiroshima
    - Hokkaido
    - Hyogo
    - Ibaraki
    - Ishikawa
    - Iwate
    - Kagawa
    - Kagoshima
    - Kanagawa
    - Kochi
    - Kumamoto
    - Kyoto
    - Mie
    - Miyagi
    - Miyazaki
    - Nagano
    - Nagasaki
    - Nara
    - Niigata
    - Oita
    - Okayama
    - Okinawa
    - Osaka
    - Saga
    - Saitama
    - Shiga
    - Shimane
    - Shizuoka
    - Tochigi
    - Tokushima
    - Tokyo
    - Tottori
    - Toyama
    - Wakayama
    - Yamagata
    - Yamaguchi
    - Yamanashi
- name: Jordan
  code: JO
  states:
    - Ajloun
    - Amman
    - Aqaba
    - Balqa
    - Irbid
    - Jerash
    - Karak
    - Ma'an
    - Madaba
    - Mafraq
    - Tafilah
    - Zarqa
- name: Kazakhstan
  code: KZ
  states:
    - Aktobe
    - Almaty
    - Almaty Region
    - Atyrau
    - East Kazakhstan
    - Jambyl
    - Karaganda
    - Kostanay
    - Kyzylorda
    - Mangystau
    - North Kazakhstan
    - Nur-Sultan
    - Pavlodar
    - Shymkent
    - Turkistan
    - West Kazakhstan
- name: Kenya
  code: KE
  states:
    - Bomet
    - Bungoma
    - Busia
    - Embu
    - Garissa
    - Homa Bay
    - Isiolo
    - Kajiado
    - Kakamega
    - Kericho
    - Kiambu
    - Kilifi
    - Kirinyaga
    - Kisii
    - Kisumu
    - Kitui
    - Kwale
    - Laikipia
    - Lamu
    - Machakos
    - Makueni
    - Mandera
    - Marsabit
    - Meru
    - Migori
    - Mombasa
    - Murang'a
    - Nairobi
    - Nakuru
    - Nandi
    - Narok
    - Nyamira
    - Nyandarua
    - Nyeri
    - Samburu
    - Siaya
    - Taita-Taveta
    - Tana River
    - Tharaka-Nithi
    - Trans-Nzoia
    - Turkana
    - Uasin Gishu
    - Vihiga
    - Wajir
    - West Pokot
- name: Kiribati
  code: KI
  states:
    - Gilbert Islands
    - Line Islands
    - Phoenix Islands
- name: Kosovo
  code: XK
  states:
    - Ferizaj
    - Gjakova
    - Gjilan
    - Mitrovica
    - Peja
    - Pristina
    - Prizren
- name: Kuwait
  code: KW
  states:
    - Ahmadi
    - Farwaniya
    - Hawalli
    - Jahra
    - Mubarak Al-Kabeer
    - Capital
- name: Kyrgyzstan
  code: KG
  states:
    - Batken
    - Bishkek
    - Chuy
    - Jalal-Abad
    - Naryn
    - Osh
    - Talas
    - Ysyk-Köl
- name: Laos
  code: LA
  states:
    - Attapeu
    - Bokeo
    - Bolikhamxai
    - Champasak
    - Hua Phan
    - Khammouane
    - Luang Namtha
    - Luang Prabang
    - Oudomxay
    - Phongsaly
    - Salavan
    - Savannakhet
    - Sekong
    - Vientiane Province
    - Vientiane Capital
    - Xaisomboun
    - Xekong
    - Xiangkhouang
- name: Latvia
  code: LV
  states:
    - Aizkraukle
    - Alūksne
    - Balvi
    - Bauska
    - Cēsis
    - Daugavpils
    - Dobele
    - Gulbene
    - Jelgava
    - Jēkabpils
    - Krāslava
    - Kuldīga
    - Liepāja
    - Limbaži
    - Ludza
    - Madona
    - Ogre
    - Preiļi
    - Rēzekne
    - Rīga
    - Saldus
    - Talsi
    - Tukums
    - Valka
    - Valmiera
    - Ventspils
- name: Lebanon
  code: LB
  states:
    - Akkar
    - Baalbek-Hermel
    - Beqaa
    - Mount Lebanon
    - Nabatieh
    - North
    - South
    - Beirut
- name: Lesotho
  code: LS
  states:
    - Berea
    - Butha-Buthe
    - Leribe
    - Mafeteng
    - Maseru
    - Mohale's Hoek
    - Mokhotlong
    - Qacha's Nek
    - Quthing
    - Thaba-Tseka
- name: Liberia
  code: LR
  states:
    - Bomi
    - Bong
    - Gbarpolu
    - Grand Bassa
    - Grand Cape Mount
    - Grand Gedeh
    - Grand Kru
    - Lofa
    - Margibi
    - Maryland
    - Montserrado
    - Nimba
    - River Cess
    - River Gee
    - Sinoe
- name: Libya
  code: LY
  states:
    - Al Wahat
    - Benghazi
    - Derna
    - Ghat
    - Jufra
    - Kufra
    - Marj
    - Misrata
    - Murzuq
    - Nalut
    - Sabha
    - Sirte
    - Tripoli
    - Wadi al Hayaa
    - Wadi al Shatii
    - Zawiya
- name: Liechtenstein
  code: LI
  states:
    - Balzers
    - Eschen
    - Gamprin
    - Mauren
    - Planken
    - Ruggell
    - Schaan
    - Schellenberg
    - Triesen
    - Triesenberg
    - Vaduz
- name: Lithuania
  code: LT
  states:
    - Alytus County
    - Kaunas County
    - Klaipėda County
    - Marijampolė County
    - Panevėžys County
    - Šiauliai County
    - Tauragė County
    - Telšiai County
    - Utena County
    - Vilnius County
- name: Luxembourg
  code: LU
  states:
    - Diekirch
    - Grevenmacher
    - Luxembourg
- name: Madagascar
  code: MG
  states:
    - Alaotra-Mangoro
    - Amoron'i Mania
    - Analamanga
    - Androy
    - Anosy
    - Atsimo-Andrefana
    - Atsimo-Atsinanana
    - Atsinanana
    - Betsiboka
    - Boeny
    - Bongolava
    - Diana
    - Haute Matsiatra
    - Ihorombe
    - Itasy
    - Melaky
    - Menabe
    - Sava
    - Sofia
    - Vakinankaratra
    - Vatovavy-Fitovinany
- name: Malawi
  code: MW
  states:
    - Central Region
    - Northern Region
    - Southern Region
- name: Malaysia
  code: MY
  states:
    - Johor
    - Kedah
    - Kelantan
    - Kuala Lumpur
    - Labuan
    - Melaka
    - Negeri Sembilan
    - Pahang
    - Penang
    - Perak
    - Perlis
    - Putrajaya
    - Sabah
    - Sarawak
    - Selangor
    - Terengganu
- name: Maldives
  code: MV
  states:
    - Alifu Alifu
    - Alifu Dhaalu
    - Baa
    - Dhaalu
    - Faafu
    - Gaafu Alifu
    - Gaafu Dhaalu
    - Gnaviyani
    - Haa Alifu
    - Haa Dhaalu
    - Kaafu
    - Laamu
    - Lhaviyani
    - Meemu
    - Noonu
    - Raa
    - Shaviyani
    - Thaa
    - Vaavu
    - Addu City
- name: Mali
  code: ML
  states:
    - Bamako
    - Gao
    - Kayes
    - Kidal
    - Koulikoro
    - Ménaka
    - Mopti
    - Ségou
    - Sikasso
    - Taoudénit
    - Tombouctou
- name: Malta
  code: MT
  states:
    - Gozo
    - Malta
- name: Marshall Islands
  code: MH
  states:
    - Ailinglaplap
    - Ailuk
    - Arno
    - Aur
    - Bikar
    - Bikini
    - Ebon
    - Enewetak
    - Jabat
    - Jaluit
    - Kili
    - Kwajalein
    - Lae
    - Lib
    - Likiep
    - Majuro
    - Maloelap
    - Mejit
    - Mili
    - Namorik
    - Namu
    - Ralik Chain
    - Ratak Chain
    - Ujae
    - Utirik
    - Wotho
    - Wotje
- name: Mauritania
  code: MR
  states:
    - Adrar
    - Assaba
    - Brakna
    - Dakhlet Nouadhibou
    - Gorgol
    - Guidimaka
    - Hodh Ech Chargui
    - Hodh El Gharbi
    - Inchiri
    - Nouakchott Nord
    - Nouakchott Ouest
    - Nouakchott Sud
    - Tagant
    - Tiris Zemmour
    - Trarza
- name: Mauritius
  code: MU
  states:
    - Agalega Islands
    - Black River
    - Cargados Carajos Shoals
    - Flacq
    - Grand Port
    - Moka
    - Pamplemousses
    - Plaines Wilhems
    - Port Louis
    - Rivière du Rempart
    - Rodrigues
    - Savanne
- name: Mexico
  code: MX
  states:
    - Aguascalientes
    - Baja California
    - Baja California Sur
    - Campeche
    - Chiapas
    - Chihuahua
    - Coahuila
    - Colima
    - Durango
    - Guanajuato
    - Guerrero
    - Hidalgo
    - Jalisco
    - Mexico City
    - Mexico State
    - Michoacán
    - Morelos
    - Nayarit
    - Nuevo León
    - Oaxaca
    - Puebla
    - Querétaro
    - Quintana Roo
    - San Luis Potosí
    - Sinaloa
    - Sonora
    - Tabasco
    - Tamaulipas
    - Tlaxcala
    - Veracruz
    - Yucatán
    - Zacatecas
- name: Micronesia (Federated States of)
  code: FM
  states:
    - Chuuk
    - Kosrae
    - Pohnpei
    - Yap
- name: Moldova (Republic of)
  code: MD
  states:
    - Găgăuzia
    - Municipiul Bălţi
    - Municipiul Chişinău
    - Municipiul Bender
    - Cahul
    - Călăraşi
    - Căuşeni
    - Edineţ
    - Făleşti
    - Floreşti
    - Hînceşti
    - Ialoveni
    - Leova
    - Nisporeni
    - Ocniţa
    - Orhei
    - Rezina
    - Rîşcani
    - Sîngerei
    - Soroca
    - Şoldăneşti
    - Străşeni
    - Taraclia
    - Teleneşti
    - Ungheni
- name: Monaco
  code: MC
  states:
    - Commune de Monaco
- name: Mongolia
  code: MN
  states:
    - Arkhangai
    - Bayan-Ölgii
    - Bayankhongor
    - Bulgan
    - Darkhan-Uul
    - Dornod
    - Dornogovi
    - Dundgovi
    - Govi-Altai
    - Govisümber
    - Khentii
    - Khövsgöl
    - Khovd
    - Ömnögovi
    - Orkhon
    - Övörkhangai
    - Selenge
    - Sükhbaatar
    - Töv
    - Uvs
    - Zavkhan
- name: Montenegro
  code: ME
  states:
    - Andrijevica
    - Bar
    - Berane
    - Bijelo Polje
    - Budva
    - Cetinje
    - Danilovgrad
    - Gusinje
    - Herceg-Novi
    - Kolašin
    - Kotor
    - Mojkovac
    - Nikšić
    - Petnjica
    - Plav
    - Pljevlja
    - Plužine
    - Podgorica
    - Rožaje
    - Šavnik
    - Tivat
    - Ulcinj
- name: Morocco
  code: MA
  states:
    - Béni Mellal-Khénifra
    - Casablanca-Settat
    - Draa-Tafilalet
    - Dakhla-Oued Ed-Dahab
    - Fès-Meknès
    - Guelmim-Oued Noun
    - Laâyoune-Sakia El Hamra
    - Marrakech-Safi
    - Oriental
    - Rabat-Salé-Kénitra
    - Souss-Massa
    - Tanger-Tetouan-Al Hoceima
- name: Mozambique
  code: MZ
  states:
    - Cabo Delgado
    - Gaza
    - Inhambane
    - Manica
    - Maputo
    - Nampula
    - Niassa
    - Sofala
    - Tete
    - Zambezia
- name: Myanmar
  code: MM
  states:
    - Ayeyarwady
    - Bago
    - Chin
    - Kachin
    - Kayah
    - Kayin
    - Magway
    - Mandalay
    - Mon
    - Naypyidaw
    - Rakhine
    - Sagaing
    - Shan
    - Tanintharyi
    - Yangon
- name: Namibia
  code: NA
  states:
    - Erongo
    - Hardap
    - Karas
    - Kavango East
    - Kavango West
    - Khomas
    - Kunene
    - Ohangwena
    - Omaheke
    - Omusati
    - Oshana
    - Oshikoto
    - Otjozondjupa
    - Zambezi
- name: Nauru
  code: NR
  states:
    - Aiwo
    - Anabar
    - Anetan
    - Anibare
    - Baiti
    - Boe
    - Buada
    - Denigomodu
    - Ewa
    - Ijuw
    - Meneng
    - Nibok
    - Uaboe
    - Yaren
- name: Nepal
  code: NP
  states:
    - Bagmati
    - Gandaki
    - Karnali
    - Kosi
    - Lumbini
    - Province No. 1
    - Province No. 2
    - Sudurpashchim
- name: Netherlands
  code: NL
  states:
    - Drenthe
    - Flevoland
    - Friesland
    - Gelderland
    - Groningen
    - Limburg
    - North Brabant
    - North Holland
    - Overijssel
    - South Holland
    - Utrecht
    - Zeeland
- name: New Zealand
  code: NZ
  states:
    - Auckland
    - Bay of Plenty
    - Canterbury
    - Chatham Islands Territory
    - Gisborne
    - Hawke's Bay
    - Manawatū-Whanganui
    - Marlborough
    - Nelson
    - Northland
    - Otago
    - Southland
    - Taranaki
    - Tasman
    - Waikato
    - Wellington
    - West Coast
- name: Nicaragua
  code: NI
  states:
    - Boaco
    - Carazo
    - Chinandega
    - Chontales
    - Estelí
    - Granada
    - Jinotega
    - León
    - Madriz
    - Managua
    - Masaya
    - Matagalpa
    - Nueva Segovia
    - Río San Juan
    - Rivas
- name: Niger
  code: NE
  states:
    - Agadez
    - Diffa
    - Dosso
    - Maradi
    - Niamey
    - Tahoua
    - Tillabéri
    - Zinder
- name: Nigeria
  code: NG
  states:
    - Abia
    - Adamawa
    - Akwa Ibom
    - Anambra
    - Bauchi
    - Bayelsa
    - Benue
    - Borno
    - Cross River
    - Delta
    - Ebonyi
    - Edo
    - Ekiti
    - Enugu
    - Federal Capital Territory
    - Gombe
    - Imo
    - Jigawa
    - Kaduna
    - Kano
    - Katsina
    - Kebbi
    - Kogi
    - Kwara
    - Lagos
    - Nasarawa
    - Niger
    - Ogun
    - Ondo
    - Osun
    - Oyo
    - Plateau
    - Rivers
    - Sokoto
    - Taraba
    - Yobe
    - Zamfara
- name: North Macedonia (Republic of)
  code: MK
  states:
    - Eastern
    - Northeastern
    - Pelagonia
    - Polog
    - Skopje
    - Southeastern
    - Southwestern
    - Vardar
- name: Norway
  code: NO
  states:
    - Agder
    - Innlandet
    - Møre og Romsdal
    - Nordland
    - Oslo
    - Rogaland
    - Troms og Finnmark
    - Trøndelag
    - Vestfold og Telemark
    - Vestland
    - Viken
- name: Oman
  code: OM
  states:
    - Ad Dakhiliyah
    - Ad Dhahirah
    - Al Batinah North
    - Al Batinah South
    - Al Buraimi
    - Al Wusta
    - Ash Sharqiyah North
    - Ash Sharqiyah South
    - Dhofar
    - Musandam
    - Muscat
- name: Pakistan
  code: PK
  states:
    - Azad Jammu and Kashmir
    - Balochistan
    - Gilgit-Baltistan
    - Islamabad Capital Territory
    - Khyber Pakhtunkhwa
    - Punjab
    - Sindh
- name: Palau
  code: PW
  states:
    - Aimeliik
    - Airai
    - Angaur
    - Hatohobei
    - Kayangel
    - Koror
    - Melekeok
    - Ngaraard
    - Ngarchelong
    - Ngardmau
    - Ngatpang
    - Ngchesar
    - Ngeremlengui
    - Ngiwal
    - Peleliu
    - Sonsorol
- name: Palestine, State of
  code: PS
  states:
    - Gaza Strip
    - West Bank
- name: Panama
  code: PA
  states:
    - Bocas del Toro
    - Chiriquí
    - Coclé
    - Colón
    - Darién
    - Emberá
    - Guna Yala
    - Herrera
    - Los Santos
    - Ngäbe-Buglé
    - Panama Oeste
    - Panamá
    - Veraguas
- name: Papua New Guinea
  code: PG
  states:
    - Bougainville
    - Central
    - Chimbu
    - East New Britain
    - East Sepik
    - Eastern Highlands
    - Enga
    - Gulf
    - Hela
    - Jiwaka
    - Madang
    - Manus
    - Milne Bay
    - Morobe
    - National Capital District
    - New Ireland
    - Oro
    - Sandaun
    - Simbu
    - Southern Highlands
    - West New Britain
    - Western
    - Western Highlands
- name: Paraguay
  code: PY
  states:
    - Alto Paraguay
    - Alto Paraná
    - Amambay
    - Boquerón
    - Caaguazú
    - Caazapá
    - Canindeyú
    - Central
    - Concepción
    - Cordillera
    - Guairá
    - Itapúa
    - Misiones
    - Ñeembucú
    - Paraguarí
    - Presidente Hayes
    - San Pedro
- name: Peru
  code: PE
  states:
    - Amazonas
    - Áncash
    - Apurímac
    - Arequipa
    - Ayacucho
    - Cajamarca
    - Callao
    - Cusco
    - Huancavelica
    - Huánuco
    - Ica
    - Junín
    - La Libertad
    - Lambayeque
    - Lima
    - Loreto
    - Madre de Dios
    - Moquegua
    - Pasco
    - Piura
    - Puno
    - San Martín
    - Tacna
    - Tumbes
    - Ucayali
- name: Philippines
  code: PH
  states:
    - Abra
    - Agusan del Norte
    - Agusan del Sur
    - Aklan
    - Albay
    - Antique
    - Apayao
    - Aurora
    - Basilan
    - Bataan
    - Batanes
    - Batangas
    - Benguet
    - Biliran
    - Bohol
    - Bukidnon
    - Bulacan
    - Cagayan
    - Camarines Norte
    - Camarines Sur
    - Camiguin
    - Capiz
    - Catanduanes
    - Cavite
    - Cebu
    - Cotabato
    - Davao de Oro
    - Davao del Norte
    - Davao del Sur
    - Davao Occidental
    - Davao Oriental
    - Dinagat Islands
    - Eastern Samar
    - Guimaras
    - Ifugao
    - Ilocos Norte
    - Ilocos Sur
    - Iloilo
    - Isabela
    - Kalinga
    - La Union
    - Laguna
    - Lanao del Norte
    - Lanao del Sur
    - Leyte
    - Maguindanao
    - Marinduque
    - Masbate
    - Metro Manila
    - Misamis Occidental
    - Misamis Oriental
    - Mountain Province
    - Negros Occidental
    - Negros Oriental
    - Northern Samar
    - Nueva Ecija
    - Nueva Vizcaya
    - Occidental Mindoro
    - Oriental Mindoro
    - Palawan
    - Pampanga
    - Pangasinan
    - Quezon
    - Quirino
    - Rizal
    - Romblon
    - Samar
    - Sarangani
    - Siquijor
    - Sorsogon
    - South Cotabato
    - Southern Leyte
    - Sultan Kudarat
    - Sulu
    - Surigao del Norte
    - Surigao del Sur
    - Tarlac
    - Tawi-Tawi
    - Zambales
    - Zamboanga del Norte
    - Zamboanga del Sur
    - Zamboanga Sibugay
- name: Poland
  code: PL
  states:
    - Greater Poland
    - Kuyavian-Pomeranian
    - Lesser Poland
    - Łódź
    - Lower Silesian
    - Lubusz
    - Lubusz
    - Masovian
    - Opole
    - Podkarpackie
    - Podlaskie
    - Pomeranian
    - Silesian
    - Subcarpathian
    - Świętokrzyskie
    - Warmian-Masurian
    - West Pomeranian
- name: Portugal
  code: PT
  states:
    - Aveiro
    - Azores
    - Beja
    - Braga
    - Bragança
    - Castelo Branco
    - Coimbra
    - Évora
    - Faro
    - Guarda
    - Leiria
    - Lisbon
    - Madeira
    - Portalegre
    - Porto
    - Santarém
    - Setúbal
    - Viana do Castelo
    - Vila Real
    - Viseu
- name: Qatar
  code: QA
  states:
    - Ad Dawhah
    - Al Daayen
    - Al Khor
    - Al Wakrah
    - Al Rayyan
    - Al Shamal
    - Umm Salal
- name: Romania
  code: RO
  states:
    - Alba
    - Arad
    - Argeș
    - Bacău
    - Bihor
    - Bistrița-Năsăud
    - Botoșani
    - Brăila
    - Brașov
    - Bucharest
    - Buzău
    - Călărași
    - Caraș-Severin
    - Cluj
    - Constanța
    - Covasna
    - Dâmbovița
    - Dolj
    - Galați
    - Giurgiu
    - Gorj
    - Harghita
    - Hunedoara
    - Ialomița
    - Iași
    - Ilfov
    - Maramureș
    - Mehedinți
    - Mureș
    - Neamț
    - Olt
    - Prahova
    - Sălaj
    - Satu Mare
    - Sibiu
    - Suceava
    - Teleorman
    - Timiș
    - Tulcea
    - Vâlcea
    - Vaslui
    - Vrancea
- name: Russia
  code: RU
  states:
    - Adygea
    - Altai Krai
    - Altai Republic
    - Amur Oblast
    - Arkhangelsk Oblast
    - Astrakhan Oblast
    - Bashkortostan
    - Belgorod Oblast
    - Bryansk Oblast
    - Buryatia
    - Chechnya
    - Chelyabinsk Oblast
    - Chukotka Autonomous Okrug
    - Chuvashia
    - Crimea
    - Dagestan
    - Ingushetia
    - Irkutsk Oblast
    - Ivanovo Oblast
    - Jewish Autonomous Okrug
    - Kabardino-Balkaria
    - Kaliningrad Oblast
    - Kalmykia
    - Kaluga Oblast
    - Kamchatka Krai
    - Karachay-Cherkessia
    - Karelia
    - Kemerovo Oblast
    - Khabarovsk Krai
    - Khakassia
    - Khanty-Mansi Autonomous Okrug
    - Kirov Oblast
    - Komi
    - Kostroma Oblast
    - Krasnodar Krai
    - Krasnoyarsk Krai
    - Kurgan Oblast
    - Kursk Oblast
    - Leningrad Oblast
    - Lipetsk Oblast
    - Magadan Oblast
    - Mari El
    - Mordovia
    - Moscow
    - Moscow Oblast
    - Murmansk Oblast
    - Nenets Autonomous Okrug
    - Nizhny Novgorod Oblast
    - North Ossetia-Alania
    - Novgorod Oblast
    - Novosibirsk Oblast
    - Omsk Oblast
    - Orel Oblast
    - Orenburg Oblast
    - Penza Oblast
    - Perm Krai
    - Primorsky Krai
    - Pskov Oblast
    - Rostov Oblast
    - Ryazan Oblast
    - Saint Petersburg
    - Sakha (Yakutia)
    - Sakhalin Oblast
    - Samara Oblast
    - Saratov Oblast
    - Smolensk Oblast
    - Stavropol Krai
    - Sverdlovsk Oblast
    - Tambov Oblast
    - Tatarstan
    - Tomsk Oblast
    - Tula Oblast
    - Tuva
    - Tver Oblast
    - Tyumen Oblast
    - Udmurtia
    - Ulyanovsk Oblast
    - Vladimir Oblast
    - Volgograd Oblast
    - Vologda Oblast
    - Voronezh Oblast
    - Yamalo-Nenets Autonomous Okrug
    - Yaroslavl Oblast
    - Zabaykalsky Krai
- name: Rwanda
  code: RW
  states:
    - Eastern Province
    - Kigali City
    - Northern Province
    - Southern Province
    - Western Province
- name: Saint Kitts and Nevis
  code: KN
  states:
    - Christ Church Nichola Town
    - Saint Anne Sandy Point
    - Saint George Basseterre
    - Saint George Gingerland
    - Saint James Windward
    - Saint John Capisterre
    - Saint John Figtree
    - Saint Mary Cayon
    - Saint Paul Capisterre
    - Saint Paul Charlestown
    - Saint Peter Basseterre
    - Saint Thomas Lowland
    - Saint Thomas Middle Island
    - Trinity Palmetto Point
- name: Saint Lucia
  code: LC
  states:
    - Anse la Raye
    - Castries
    - Choiseul
    - Dauphin
    - Dennery
    - Gros Islet
    - Laborie
    - Micoud
    - Praslin
    - Soufrière
    - Vieux Fort
- name: Saint Vincent and the Grenadines
  code: VC
  states:
    - Charlotte
    - Grenadines
    - Saint Andrew
    - Saint David
    - Saint George
    - Saint Patrick
- name: Samoa
  code: WS
  states:
    - A'ana
    - Aiga-i-le-Tai
    - Atua
    - Fa'asaleleaga
    - Gaga'emauga
    - Gagaifomauga
    - Palauli
    - Satupa'itea
    - Tuamasaga
    - Va'a-o-Fonoti
    - Vaisigano
- name: San Marino
  code: SM
  states:
    - Acquaviva
    - Borgo Maggiore
    - Chiesanuova
    - Domagnano
    - Faetano
    - Fiorentino
    - Montegiardino
    - San Leo
    - San Marino
    - Serravalle
- name: Sao Tome and Principe
  code: ST
  states:
    - Principe
    - São Tomé
- name: Saudi Arabia
  code: SA
  states:
    - Al Bahah
    - Al Hudud ash Shamaliyah
    - Al Jawf
    - Al Madinah
    - Al Qasim
    - Ar Riyad
    - Ash Sharqiyah
    - Asir
    - Ha'il
    - Jazan
    - Makkah
    - Najran
    - Tabuk
- name: Senegal
  code: SN
  states:
    - Dakar
    - Diourbel
    - Fatick
    - Kaffrine
    - Kaolack
    - Kédougou
    - Kolda
    - Louga
    - Matam
    - Saint-Louis
    - Sédhiou
    - Tambacounda
    - Thiès
    - Ziguinchor
- name: Serbia
  code: RS
  states:
    - Belgrade
    - Bor
    - Braničevo
    - Jablanica
    - Kolubara
    - Mačva
    - Moravica
    - Nišava
    - Pirot
    - Podunavlje
    - Pčinja
    - Rasina
    - Raška
    - South Bačka
    - South Banat
    - Srem
    - Toplica
    - West Bačka
    - West Banat
- name: Seychelles
  code: SC
  states:
    - Anse aux Pins
    - Anse Boileau
    - Anse Etoile
    - Anse Royale
    - Au Cap
    - Baie Lazare
    - Baie Sainte Anne
    - Beau Vallon
    - Bel Air
    - Bel Ombre
    - Cascade
    - Glacis
    - Grand'Anse Mahe
    - Grand'Anse Praslin
    - La Digue
    - La Riviere Anglaise
    - Mont Buxton
    - Mont Fleuri
    - Plaisance
    - Pointe La Rue
    - Port Glaud
    - Saint Louis
    - Takamaka
- name: Sierra Leone
  code: SL
  states:
    - Eastern Province
    - Northern Province
    - Southern Province
    - Western Area
- name: Singapore
  code: SG
  states:
    - Central Region
    - East Region
    - North Region
    - North-East Region
    - West Region
- name: Slovakia
  code: SK
  states:
    - Banská Bystrica
    - Bratislava
    - Košice
    - Nitra
    - Prešov
    - Trenčín
    - Trnava
    - Žilina
- name: Slovenia
  code: SI
  states:
    - Pomurska
    - Podravska
    - Koroška
    - Savinjska
    - Posavska
    - Zasavska
    - Posavska
    - Jugovzhodna Slovenija
    - Gorenjska
    - Primorsko-notranjska
    - Goriška
- name: Solomon Islands
  code: SB
  states:
    - Central
    - Choiseul
    - Guadalcanal
    - Honiara
    - Isabel
    - Makira-Ulawa
    - Malaita
    - Rennell and Bellona
    - Temotu
    - Western
- name: Somalia
  code: SO
  states:
    - Awdal
    - Bakool
    - Banaadir
    - Bari
    - Bay
    - Galguduud
    - Gedo
    - Hiiraan
    - Jubbada Dhexe
    - Jubbada Hoose
    - Mudug
    - Nugaal
    - Sanaag
    - Shabeellaha Dhexe
    - Shabeellaha Hoose
    - Sool
    - Togdheer
    - Woqooyi Galbeed
- name: South Africa
  code: ZA
  states:
    - Eastern Cape
    - Free State
    - Gauteng
    - KwaZulu-Natal
    - Limpopo
    - Mpumalanga
    - North West
    - Northern Cape
    - Western Cape
- name: South Sudan
  code: SS
  states:
    - Central Equatoria
    - Eastern Equatoria
    - Jonglei
    - Lakes
    - Northern Bahr el Ghazal
    - Unity
    - Upper Nile
    - Warrap
    - Western Bahr el Ghazal
    - Western Equatoria
- name: Spain
  code: ES
  states:
    - Andalusia
    - Aragon
    - Asturias
    - Balearic Islands
    - Basque Country
    - Canary Islands
    - Cantabria
    - Castilla-La Mancha
    - Castilla y León
    - Catalonia
    - Extremadura
    - Galicia
    - La Rioja
    - Madrid
    - Murcia
    - Navarre
    - Valencian Community
- name: Sri Lanka
  code: LK
  states:
    - Central
    - Eastern
    - North Central
    - Northern
    - North Western
    - Sabaragamuwa
    - Southern
    - Uva
    - Western
- name: Sudan
  code: SD
  states:
    - Al Jazirah
    - Blue Nile
    - Central Darfur
    - East Darfur
    - Kassala
    - Khartoum
    - North Darfur
    - North Kordofan
    - Northern
    - Red Sea
    - River Nile
    - Sennar
    - South Darfur
    - South Kordofan
    - West Darfur
    - West Kordofan
    - White Nile
- name: Suriname
  code: SR
  states:
    - Brokopondo
    - Commewijne
    - Coronie
    - Marowijne
    - Nickerie
    - Para
    - Paramaribo
    - Saramacca
    - Sipaliwini
    - Wanica
- name: Sweden
  code: SE
  states:
    - Blekinge
    - Dalarna
    - Gävleborg
    - Gotland
    - Halland
    - Jämtland
    - Jönköping
    - Kalmar
    - Kronoberg
    - Norrbotten
    - Örebro
    - Östergötland
    - Skåne
    - Stockholm
    - Södermanland
    - Uppsala
    - Värmland
    - Västerbotten
    - Västernorrland
    - Västmanland
    - Västra Götaland
- name: Switzerland
  code: CH
  states:
    - Aargau
    - Appenzell Ausserrhoden
    - Appenzell Innerrhoden
    - Basel-Landschaft
    - Basel-Stadt
    - Bern
    - Fribourg
    - Geneva
    - Glarus
    - Graubünden
    - Jura
    - Lucerne
    - Neuchâtel
    - Nidwalden
    - Obwalden
    - Schaffhausen
    - Schwyz
    - Solothurn
    - St. Gallen
    - Thurgau
    - Ticino
    - Uri
    - Valais
    - Vaud
    - Zug
    - Zürich
- name: Syria
  code: SY
  states:
    - Al-Hasakah
    - Al-Raqqah
    - Aleppo
    - As-Suwayda
    - Damascus
    - Daraa
    - Deir ez-Zor
    - Hama
    - Homs
    - Idlib
    - Latakia
    - Quneitra
    - Rif Dimashq
    - Tartus
- name: Taiwan
  code: TW
  states:
    - Changhua
    - Chiayi City
    - Chiayi County
    - Hsinchu City
    - Hsinchu County
    - Hualien
    - Kaohsiung City
    - Keelung City
    - Miaoli
    - Nantou
    - New Taipei City
    - Penghu
    - Pingtung
    - Taichung City
    - Tainan City
    - Taipei City
    - Taitung
    - Taoyuan City
    - Yilan
    - Yunlin
- name: Tajikistan
  code: TJ
  states:
    - Districts of Republican Subordination
    - Gorno-Badakhshan Autonomous Region
    - Khatlon Region
    - Sughd Region
- name: Tanzania, United Republic of
  code: TZ
  states:
    - Arusha
    - Dar es Salaam
    - Dodoma
    - Geita
    - Iringa
    - Kagera
    - Katavi
    - Kigoma
    - Kilimanjaro
    - Lindi
    - Manyara
    - Mara
    - Mbeya
    - Morogoro
    - Mtwara
    - Mwanza
    - Njombe
    - Pemba North
    - Pemba South
    - Pwani
    - Rukwa
    - Ruvuma
    - Shinyanga
    - Simiyu
    - Singida
    - Tabora
    - Tanga
    - Zanzibar Central/South
    - Zanzibar North
    - Zanzibar Urban/West
- name: Thailand
  code: TH
  states:
    - Amnat Charoen
    - Ang Thong
    - Bangkok
    - Bueng Kan
    - Buri Ram
    - Chachoengsao
    - Chai Nat
    - Chaiyaphum
    - Chanthaburi
    - Chiang Mai
    - Chiang Rai
    - Chon Buri
    - Chumphon
    - Kalasin
    - Kamphaeng Phet
    - Kanchanaburi
    - Khon Kaen
    - Krabi
    - Lampang
    - Lamphun
    - Loei
    - Lopburi
    - Mae Hong Son
    - Maha Sarakham
    - Mukdahan
    - Nakhon Nayok
    - Nakhon Pathom
    - Nakhon Phanom
    - Nakhon Ratchasima
    - Nakhon Sawan
    - Nakhon Si Thammarat
    - Nan
    - Narathiwat
    - Nong Bua Lam Phu
    - Nong Khai
    - Nonthaburi
    - Pathum Thani
    - Pattani
    - Phang-nga
    - Phatthalung
    - Phayao
    - Phetchabun
    - Phetchaburi
    - Phichit
    - Phitsanulok
    - Phra Nakhon Si Ayutthaya
    - Phrae
    - Phuket
    - Prachin Buri
    - Prachuap Khiri Khan
    - Ranong
    - Ratchaburi
    - Rayong
    - Roi Et
    - Sa Kaeo
    - Sakon Nakhon
    - Samut Prakan
    - Samut Sakhon
    - Samut Songkhram
    - Saraburi
    - Satun
    - Sing Buri
    - Sisaket
    - Songkhla
    - Sukhothai
    - Suphan Buri
    - Surat Thani
    - Surin
    - Tak
    - Trang
    - Trat
    - Ubon Ratchathani
    - Udon Thani
    - Uthai Thani
    - Uttaradit
    - Yala
    - Yasothon
- name: Timor-Leste
  code: TL
  states:
    - Aileu
    - Ainaro
    - Bauca
